match_time_ms,prev_cvd,curr_cvd,delta_usd,increase_pct,source,symbol,match_time_iso
1790409599999,-2255865287.4914,-2217421168.2374997,38444119.25390005,0.0,F4_cvd_surge,BTCUSDT,2026-09-26T07:59:59.999000Z
1790395199999,50459979.2645,55779191.67189998,5319212.407399982,10.541447866075911,F4_cvd_surge,CLUSDT,2026-09-26T03:59:59.999000Z
1790423999999,6968915.9480599845,8877494.320119984,1908578.37206,27.387019534814627,F4_cvd_surge,PHAUSDT,2026-09-26T11:59:59.999000Z
1790452799999,7417774.154999999,8597687.265000002,1179913.1100000031,15.906565572701819,F4_cvd_surge,QNTUSDT,2026-09-26T19:59:59.999000Z
1790423999999,502506.4841400024,1403274.7774200079,900768.2932800055,179.25505873254443,F4_cvd_surge,RAREUSDT,2026-09-26T11:59:59.999000Z
1790395199999,8125061.6168100005,8966955.34693,841893.7301200004,10.361690407100424,F4_cvd_surge,TRXUSDT,2026-09-26T03:59:59.999000Z
1790438399999,107378.92568999669,759613.1425299975,652234.2168400008,607.4136173824304,F4_cvd_surge,KMNOUSDT,2026-09-26T15:59:59.999000Z
1790438399999,680012.7385200073,884672.0400600058,204659.3015399985,30.096392309565097,F4_cvd_surge,2ZUSDT,2026-09-26T15:59:59.999000Z
1790423999999,624016.1538400005,824793.7778500005,200777.62401000003,32.175068349509424,F4_cvd_surge,JSTUSDT,2026-09-26T11:59:59.999000Z
1790452799999,716159.9605000005,791657.6695099999,75497.70900999941,10.542017590216753,F4_cvd_surge,MUBARAKUSDT,2026-09-26T19:59:59.999000Z
1790423999999,540272.9502300001,613567.0554800001,73294.10525000002,13.566125274048593,F4_cvd_surge,STOUSDT,2026-09-26T11:59:59.999000Z
1790380799999,149847.07517300016,168257.51572370017,18410.440550700005,12.286152752360993,F4_cvd_surge,SPELLUSDT,2026-09-25T23:59:59.999000Z
